stage,event_id,observed_classification
S0,MA-20260815-1301,UNIQUE
S0,MA-20260815-1302,UNIQUE
S0,MA-20260815-1303,UNIQUE
S0,MA-20260815-1304,UNIQUE
S0,MA-20260815-1305,UNIQUE
S0,MA-20260815-1306,UNIQUE
S0,MA-20260815-1307,UNIQUE
S0,MA-20260815-1308,UNIQUE
S0,MA-20260815-1309,UNIQUE
S0,MA-20260815-1310,UNIQUE
S0,MA-20260815-1311,UNIQUE
S0,MA-20260815-1312,UNIQUE
S0,MA-20260815-1313,UNIQUE
S0,MA-20260815-1314,UNIQUE
S0,MA-20260815-1315,UNIQUE
S0,MA-20260815-1316,UNIQUE
S0,MA-20260815-1317,UNIQUE
S0,MA-20260815-1318,UNIQUE
S0,MA-20260815-1319,UNIQUE
S0,MA-20260815-1320,UNIQUE
S0,MA-20260815-1321,UNIQUE
S0,MA-20260815-1322,UNIQUE
S0,MA-20260815-1323,UNIQUE
S0,MA-20260815-1324,UNIQUE
S0,MA-20260815-1325,UNIQUE
S0,MA-20260815-1326,UNIQUE
S0,MA-20260815-1327,UNIQUE
S0,MA-20260815-1328,UNIQUE
S0,MA-20260815-1329,UNIQUE
S0,MA-20260815-1330,UNIQUE
S0,MA-20260815-1331,UNIQUE
S0,MA-20260815-1332,UNIQUE
S0,MA-20260815-1333,UNIQUE
S0,MA-20260815-1334,UNIQUE
S0,MA-20260815-1335,UNIQUE
S0,MA-20260815-1336,UNIQUE
S0,MA-20260815-1337,UNIQUE
S0,MA-20260815-1338,UNIQUE
S0,MA-20260815-1339,UNIQUE
S0,MA-20260815-1340,UNIQUE
S0,MA-20260815-1341,UNIQUE
S0,MA-20260815-1342,UNIQUE
S0,MA-20260815-1343,UNIQUE
S0,MA-20260815-1344,UNIQUE
S0,MA-20260815-1345,UNIQUE
S0,MA-20260815-1346,UNIQUE
S0,MA-20260815-1347,UNIQUE
S0,MA-20260815-1348,UNIQUE
S0,MA-20260815-1349,UNIQUE
S0,MA-20260815-1350,UNIQUE
S0,MA-20260815-1351,UNIQUE
S0,MA-20260815-1352,UNIQUE
S0,MA-20260815-1353,UNIQUE
S0,MA-20260815-1354,UNIQUE
S0,MA-20260815-1355,UNIQUE
S0,MA-20260815-1356,UNIQUE
S0,MA-20260815-1357,UNIQUE
S0,MA-20260815-1358,UNIQUE
S0,MA-20260815-1359,UNIQUE
S0,MA-20260815-1360,UNIQUE
S0,MA-20260815-1361,UNIQUE
S0,MA-20260815-1362,UNIQUE
S0,MA-20260815-1363,UNIQUE
S0,MA-20260815-1364,UNIQUE
S0,MA-20260815-1365,UNIQUE
S0,MA-20260815-1366,UNIQUE
S0,MA-20260815-1367,UNIQUE
S0,MA-20260815-1368,UNIQUE
S0,MA-20260815-1369,UNIQUE
S0,MA-20260815-1370,UNIQUE
S0,MA-20260815-1371,UNIQUE
S0,MA-20260815-1372,UNIQUE
S0,MA-20260815-1373,UNIQUE
S0,MA-20260815-1374,UNIQUE
S0,MA-20260815-1375,UNIQUE
S0,MA-20260815-1376,UNIQUE
S0,MA-20260815-1377,UNIQUE
S0,MA-20260815-1378,UNIQUE
S0,MA-20260815-1379,UNIQUE
S0,MA-20260815-1380,UNIQUE
S1,MA-20260815-1301,UNIQUE
S1,MA-20260815-1302,UNIQUE
S1,MA-20260815-1303,MULTIPLE_ADMISSIBLE
S1,MA-20260815-1304,UNIQUE
S1,MA-20260815-1305,UNIQUE
S1,MA-20260815-1306,UNIQUE
S1,MA-20260815-1307,MULTIPLE_ADMISSIBLE
S1,MA-20260815-1308,UNIQUE
S1,MA-20260815-1309,UNIQUE
S1,MA-20260815-1310,UNIQUE
S1,MA-20260815-1311,MULTIPLE_ADMISSIBLE
S1,MA-20260815-1312,UNIQUE
S1,MA-20260815-1313,UNIQUE
S1,MA-20260815-1314,UNIQUE
S1,MA-20260815-1315,MULTIPLE_ADMISSIBLE
S1,MA-20260815-1316,UNIQUE
S1,MA-20260815-1317,UNIQUE
S1,MA-20260815-1318,UNIQUE
S1,MA-20260815-1319,MULTIPLE_ADMISSIBLE
S1,MA-20260815-1320,UNIQUE
S1,MA-20260815-1321,UNIQUE
S1,MA-20260815-1322,UNIQUE
S1,MA-20260815-1323,MULTIPLE_ADMISSIBLE
S1,MA-20260815-1324,UNIQUE
S1,MA-20260815-1325,UNIQUE
S1,MA-20260815-1326,UNIQUE
S1,MA-20260815-1327,MULTIPLE_ADMISSIBLE
S1,MA-20260815-1328,UNIQUE
S1,MA-20260815-1329,UNIQUE
S1,MA-20260815-1330,UNIQUE
S1,MA-20260815-1331,MULTIPLE_ADMISSIBLE
S1,MA-20260815-1332,UNIQUE
S1,MA-20260815-1333,UNIQUE
S1,MA-20260815-1334,UNIQUE
S1,MA-20260815-1335,MULTIPLE_ADMISSIBLE
S1,MA-20260815-1336,UNIQUE
S1,MA-20260815-1337,UNIQUE
S1,MA-20260815-1338,UNIQUE
S1,MA-20260815-1339,MULTIPLE_ADMISSIBLE
S1,MA-20260815-1340,UNIQUE
S1,MA-20260815-1341,UNIQUE
S1,MA-20260815-1342,UNIQUE
S1,MA-20260815-1343,UNIQUE
S1,MA-20260815-1344,UNIQUE
S1,MA-20260815-1345,UNIQUE
S1,MA-20260815-1346,UNIQUE
S1,MA-20260815-1347,UNIQUE
S1,MA-20260815-1348,UNIQUE
S1,MA-20260815-1349,UNIQUE
S1,MA-20260815-1350,UNIQUE
S1,MA-20260815-1351,UNIQUE
S1,MA-20260815-1352,UNIQUE
S1,MA-20260815-1353,UNIQUE
S1,MA-20260815-1354,UNIQUE
S1,MA-20260815-1355,UNIQUE
S1,MA-20260815-1356,UNIQUE
S1,MA-20260815-1357,UNIQUE
S1,MA-20260815-1358,UNIQUE
S1,MA-20260815-1359,UNIQUE
S1,MA-20260815-1360,UNIQUE
S1,MA-20260815-1361,UNIQUE
S1,MA-20260815-1362,UNIQUE
S1,MA-20260815-1363,UNIQUE
S1,MA-20260815-1364,UNIQUE
S1,MA-20260815-1365,UNIQUE
S1,MA-20260815-1366,UNIQUE
S1,MA-20260815-1367,UNIQUE
S1,MA-20260815-1368,UNIQUE
S1,MA-20260815-1369,UNIQUE
S1,MA-20260815-1370,UNIQUE
S1,MA-20260815-1371,UNIQUE
S1,MA-20260815-1372,UNIQUE
S1,MA-20260815-1373,UNIQUE
S1,MA-20260815-1374,UNIQUE
S1,MA-20260815-1375,UNIQUE
S1,MA-20260815-1376,UNIQUE
S1,MA-20260815-1377,UNIQUE
S1,MA-20260815-1378,UNIQUE
S1,MA-20260815-1379,UNIQUE
S1,MA-20260815-1380,UNIQUE
S2,MA-20260815-1301,UNIQUE
S2,MA-20260815-1302,UNIQUE
S2,MA-20260815-1303,MULTIPLE_ADMISSIBLE
S2,MA-20260815-1304,UNIQUE
S2,MA-20260815-1305,UNIQUE
S2,MA-20260815-1306,UNIQUE
S2,MA-20260815-1307,MULTIPLE_ADMISSIBLE
S2,MA-20260815-1308,UNIQUE
S2,MA-20260815-1309,UNIQUE
S2,MA-20260815-1310,UNIQUE
S2,MA-20260815-1311,MULTIPLE_ADMISSIBLE
S2,MA-20260815-1312,UNIQUE
S2,MA-20260815-1313,UNIQUE
S2,MA-20260815-1314,UNIQUE
S2,MA-20260815-1315,MULTIPLE_ADMISSIBLE
S2,MA-20260815-1316,UNIQUE
S2,MA-20260815-1317,UNIQUE
S2,MA-20260815-1318,UNIQUE
S2,MA-20260815-1319,MULTIPLE_ADMISSIBLE
S2,MA-20260815-1320,UNIQUE
S2,MA-20260815-1321,UNIQUE
S2,MA-20260815-1322,UNIQUE
S2,MA-20260815-1323,MULTIPLE_ADMISSIBLE
S2,MA-20260815-1324,UNIQUE
S2,MA-20260815-1325,UNIQUE
S2,MA-20260815-1326,UNIQUE
S2,MA-20260815-1327,MULTIPLE_ADMISSIBLE
S2,MA-20260815-1328,UNIQUE
S2,MA-20260815-1329,UNIQUE
S2,MA-20260815-1330,UNIQUE
S2,MA-20260815-1331,MULTIPLE_ADMISSIBLE
S2,MA-20260815-1332,UNIQUE
S2,MA-20260815-1333,UNIQUE
S2,MA-20260815-1334,UNIQUE
S2,MA-20260815-1335,MULTIPLE_ADMISSIBLE
S2,MA-20260815-1336,UNIQUE
S2,MA-20260815-1337,UNIQUE
S2,MA-20260815-1338,UNIQUE
S2,MA-20260815-1339,MULTIPLE_ADMISSIBLE
S2,MA-20260815-1340,UNIQUE
S2,MA-20260815-1341,UNIQUE
S2,MA-20260815-1342,UNIQUE
S2,MA-20260815-1343,MULTIPLE_ADMISSIBLE
S2,MA-20260815-1344,UNIQUE
S2,MA-20260815-1345,UNIQUE
S2,MA-20260815-1346,UNIQUE
S2,MA-20260815-1347,MULTIPLE_ADMISSIBLE
S2,MA-20260815-1348,UNIQUE
S2,MA-20260815-1349,UNIQUE
S2,MA-20260815-1350,UNIQUE
S2,MA-20260815-1351,MULTIPLE_ADMISSIBLE
S2,MA-20260815-1352,UNIQUE
S2,MA-20260815-1353,UNIQUE
S2,MA-20260815-1354,UNIQUE
S2,MA-20260815-1355,MULTIPLE_ADMISSIBLE
S2,MA-20260815-1356,UNIQUE
S2,MA-20260815-1357,UNIQUE
S2,MA-20260815-1358,UNIQUE
S2,MA-20260815-1359,MULTIPLE_ADMISSIBLE
S2,MA-20260815-1360,UNIQUE
S2,MA-20260815-1361,UNIQUE
S2,MA-20260815-1362,UNIQUE
S2,MA-20260815-1363,UNIQUE
S2,MA-20260815-1364,UNIQUE
S2,MA-20260815-1365,UNIQUE
S2,MA-20260815-1366,UNIQUE
S2,MA-20260815-1367,UNIQUE
S2,MA-20260815-1368,UNIQUE
S2,MA-20260815-1369,UNIQUE
S2,MA-20260815-1370,UNIQUE
S2,MA-20260815-1371,UNIQUE
S2,MA-20260815-1372,UNIQUE
S2,MA-20260815-1373,UNIQUE
S2,MA-20260815-1374,UNIQUE
S2,MA-20260815-1375,UNIQUE
S2,MA-20260815-1376,UNIQUE
S2,MA-20260815-1377,UNIQUE
S2,MA-20260815-1378,UNIQUE
S2,MA-20260815-1379,UNIQUE
S2,MA-20260815-1380,UNIQUE
S3,MA-20260815-1301,UNIQUE
S3,MA-20260815-1302,UNIQUE
S3,MA-20260815-1303,MULTIPLE_ADMISSIBLE
S3,MA-20260815-1304,UNIQUE
S3,MA-20260815-1305,UNIQUE
S3,MA-20260815-1306,UNIQUE
S3,MA-20260815-1307,MULTIPLE_ADMISSIBLE
S3,MA-20260815-1308,UNIQUE
S3,MA-20260815-1309,UNIQUE
S3,MA-20260815-1310,UNIQUE
S3,MA-20260815-1311,MULTIPLE_ADMISSIBLE
S3,MA-20260815-1312,UNIQUE
S3,MA-20260815-1313,UNIQUE
S3,MA-20260815-1314,UNIQUE
S3,MA-20260815-1315,MULTIPLE_ADMISSIBLE
S3,MA-20260815-1316,UNIQUE
S3,MA-20260815-1317,UNIQUE
S3,MA-20260815-1318,UNIQUE
S3,MA-20260815-1319,MULTIPLE_ADMISSIBLE
S3,MA-20260815-1320,UNIQUE
S3,MA-20260815-1321,UNIQUE
S3,MA-20260815-1322,UNIQUE
S3,MA-20260815-1323,MULTIPLE_ADMISSIBLE
S3,MA-20260815-1324,UNIQUE
S3,MA-20260815-1325,UNIQUE
S3,MA-20260815-1326,UNIQUE
S3,MA-20260815-1327,MULTIPLE_ADMISSIBLE
S3,MA-20260815-1328,UNIQUE
S3,MA-20260815-1329,UNIQUE
S3,MA-20260815-1330,UNIQUE
S3,MA-20260815-1331,MULTIPLE_ADMISSIBLE
S3,MA-20260815-1332,UNIQUE
S3,MA-20260815-1333,UNIQUE
S3,MA-20260815-1334,UNIQUE
S3,MA-20260815-1335,MULTIPLE_ADMISSIBLE
S3,MA-20260815-1336,UNIQUE
S3,MA-20260815-1337,UNIQUE
S3,MA-20260815-1338,UNIQUE
S3,MA-20260815-1339,MULTIPLE_ADMISSIBLE
S3,MA-20260815-1340,UNIQUE
S3,MA-20260815-1341,UNIQUE
S3,MA-20260815-1342,UNIQUE
S3,MA-20260815-1343,UNIQUE
S3,MA-20260815-1344,UNIQUE
S3,MA-20260815-1345,UNIQUE
S3,MA-20260815-1346,UNIQUE
S3,MA-20260815-1347,UNIQUE
S3,MA-20260815-1348,UNIQUE
S3,MA-20260815-1349,UNIQUE
S3,MA-20260815-1350,UNIQUE
S3,MA-20260815-1351,UNIQUE
S3,MA-20260815-1352,UNIQUE
S3,MA-20260815-1353,UNIQUE
S3,MA-20260815-1354,UNIQUE
S3,MA-20260815-1355,UNIQUE
S3,MA-20260815-1356,UNIQUE
S3,MA-20260815-1357,UNIQUE
S3,MA-20260815-1358,UNIQUE
S3,MA-20260815-1359,UNIQUE
S3,MA-20260815-1360,UNIQUE
S3,MA-20260815-1361,UNIQUE
S3,MA-20260815-1362,UNIQUE
S3,MA-20260815-1363,UNIQUE
S3,MA-20260815-1364,UNIQUE
S3,MA-20260815-1365,UNIQUE
S3,MA-20260815-1366,UNIQUE
S3,MA-20260815-1367,UNIQUE
S3,MA-20260815-1368,UNIQUE
S3,MA-20260815-1369,UNIQUE
S3,MA-20260815-1370,UNIQUE
S3,MA-20260815-1371,UNIQUE
S3,MA-20260815-1372,UNIQUE
S3,MA-20260815-1373,UNIQUE
S3,MA-20260815-1374,UNIQUE
S3,MA-20260815-1375,UNIQUE
S3,MA-20260815-1376,UNIQUE
S3,MA-20260815-1377,UNIQUE
S3,MA-20260815-1378,UNIQUE
S3,MA-20260815-1379,UNIQUE
S3,MA-20260815-1380,UNIQUE
S4,MA-20260815-1301,UNIQUE
S4,MA-20260815-1302,UNIQUE
S4,MA-20260815-1303,MULTIPLE_ADMISSIBLE
S4,MA-20260815-1304,UNIQUE
S4,MA-20260815-1305,UNIQUE
S4,MA-20260815-1306,UNIQUE
S4,MA-20260815-1307,MULTIPLE_ADMISSIBLE
S4,MA-20260815-1308,UNIQUE
S4,MA-20260815-1309,UNIQUE
S4,MA-20260815-1310,UNIQUE
S4,MA-20260815-1311,MULTIPLE_ADMISSIBLE
S4,MA-20260815-1312,UNIQUE
S4,MA-20260815-1313,UNIQUE
S4,MA-20260815-1314,UNIQUE
S4,MA-20260815-1315,MULTIPLE_ADMISSIBLE
S4,MA-20260815-1316,UNIQUE
S4,MA-20260815-1317,UNIQUE
S4,MA-20260815-1318,UNIQUE
S4,MA-20260815-1319,MULTIPLE_ADMISSIBLE
S4,MA-20260815-1320,UNIQUE
S4,MA-20260815-1321,UNIQUE
S4,MA-20260815-1322,UNIQUE
S4,MA-20260815-1323,UNIQUE
S4,MA-20260815-1324,UNIQUE
S4,MA-20260815-1325,UNIQUE
S4,MA-20260815-1326,UNIQUE
S4,MA-20260815-1327,UNIQUE
S4,MA-20260815-1328,UNIQUE
S4,MA-20260815-1329,UNIQUE
S4,MA-20260815-1330,UNIQUE
S4,MA-20260815-1331,UNIQUE
S4,MA-20260815-1332,UNIQUE
S4,MA-20260815-1333,UNIQUE
S4,MA-20260815-1334,UNIQUE
S4,MA-20260815-1335,UNIQUE
S4,MA-20260815-1336,UNIQUE
S4,MA-20260815-1337,UNIQUE
S4,MA-20260815-1338,UNIQUE
S4,MA-20260815-1339,UNIQUE
S4,MA-20260815-1340,UNIQUE
S4,MA-20260815-1341,UNIQUE
S4,MA-20260815-1342,UNIQUE
S4,MA-20260815-1343,UNIQUE
S4,MA-20260815-1344,UNIQUE
S4,MA-20260815-1345,UNIQUE
S4,MA-20260815-1346,UNIQUE
S4,MA-20260815-1347,UNIQUE
S4,MA-20260815-1348,UNIQUE
S4,MA-20260815-1349,UNIQUE
S4,MA-20260815-1350,UNIQUE
S4,MA-20260815-1351,UNIQUE
S4,MA-20260815-1352,UNIQUE
S4,MA-20260815-1353,UNIQUE
S4,MA-20260815-1354,UNIQUE
S4,MA-20260815-1355,UNIQUE
S4,MA-20260815-1356,UNIQUE
S4,MA-20260815-1357,UNIQUE
S4,MA-20260815-1358,UNIQUE
S4,MA-20260815-1359,UNIQUE
S4,MA-20260815-1360,UNIQUE
S4,MA-20260815-1361,UNIQUE
S4,MA-20260815-1362,UNIQUE
S4,MA-20260815-1363,UNIQUE
S4,MA-20260815-1364,UNIQUE
S4,MA-20260815-1365,UNIQUE
S4,MA-20260815-1366,UNIQUE
S4,MA-20260815-1367,UNIQUE
S4,MA-20260815-1368,UNIQUE
S4,MA-20260815-1369,UNIQUE
S4,MA-20260815-1370,UNIQUE
S4,MA-20260815-1371,UNIQUE
S4,MA-20260815-1372,UNIQUE
S4,MA-20260815-1373,UNIQUE
S4,MA-20260815-1374,UNIQUE
S4,MA-20260815-1375,UNIQUE
S4,MA-20260815-1376,UNIQUE
S4,MA-20260815-1377,UNIQUE
S4,MA-20260815-1378,UNIQUE
S4,MA-20260815-1379,UNIQUE
S4,MA-20260815-1380,UNIQUE
S5,MA-20260815-1301,UNIQUE
S5,MA-20260815-1302,UNIQUE
S5,MA-20260815-1303,UNIQUE
S5,MA-20260815-1304,UNIQUE
S5,MA-20260815-1305,UNIQUE
S5,MA-20260815-1306,UNIQUE
S5,MA-20260815-1307,UNIQUE
S5,MA-20260815-1308,UNIQUE
S5,MA-20260815-1309,UNIQUE
S5,MA-20260815-1310,UNIQUE
S5,MA-20260815-1311,UNIQUE
S5,MA-20260815-1312,UNIQUE
S5,MA-20260815-1313,UNIQUE
S5,MA-20260815-1314,UNIQUE
S5,MA-20260815-1315,UNIQUE
S5,MA-20260815-1316,UNIQUE
S5,MA-20260815-1317,UNIQUE
S5,MA-20260815-1318,UNIQUE
S5,MA-20260815-1319,UNIQUE
S5,MA-20260815-1320,UNIQUE
S5,MA-20260815-1321,UNIQUE
S5,MA-20260815-1322,UNIQUE
S5,MA-20260815-1323,UNIQUE
S5,MA-20260815-1324,UNIQUE
S5,MA-20260815-1325,UNIQUE
S5,MA-20260815-1326,UNIQUE
S5,MA-20260815-1327,UNIQUE
S5,MA-20260815-1328,UNIQUE
S5,MA-20260815-1329,UNIQUE
S5,MA-20260815-1330,UNIQUE
S5,MA-20260815-1331,UNIQUE
S5,MA-20260815-1332,UNIQUE
S5,MA-20260815-1333,UNIQUE
S5,MA-20260815-1334,UNIQUE
S5,MA-20260815-1335,UNIQUE
S5,MA-20260815-1336,UNIQUE
S5,MA-20260815-1337,UNIQUE
S5,MA-20260815-1338,UNIQUE
S5,MA-20260815-1339,UNIQUE
S5,MA-20260815-1340,UNIQUE
S5,MA-20260815-1341,UNIQUE
S5,MA-20260815-1342,UNIQUE
S5,MA-20260815-1343,UNIQUE
S5,MA-20260815-1344,UNIQUE
S5,MA-20260815-1345,UNIQUE
S5,MA-20260815-1346,UNIQUE
S5,MA-20260815-1347,UNIQUE
S5,MA-20260815-1348,UNIQUE
S5,MA-20260815-1349,UNIQUE
S5,MA-20260815-1350,UNIQUE
S5,MA-20260815-1351,UNIQUE
S5,MA-20260815-1352,UNIQUE
S5,MA-20260815-1353,UNIQUE
S5,MA-20260815-1354,UNIQUE
S5,MA-20260815-1355,UNIQUE
S5,MA-20260815-1356,UNIQUE
S5,MA-20260815-1357,UNIQUE
S5,MA-20260815-1358,UNIQUE
S5,MA-20260815-1359,UNIQUE
S5,MA-20260815-1360,UNIQUE
S5,MA-20260815-1361,UNIQUE
S5,MA-20260815-1362,UNIQUE
S5,MA-20260815-1363,UNIQUE
S5,MA-20260815-1364,UNIQUE
S5,MA-20260815-1365,UNIQUE
S5,MA-20260815-1366,UNIQUE
S5,MA-20260815-1367,UNIQUE
S5,MA-20260815-1368,UNIQUE
S5,MA-20260815-1369,UNIQUE
S5,MA-20260815-1370,UNIQUE
S5,MA-20260815-1371,UNIQUE
S5,MA-20260815-1372,UNIQUE
S5,MA-20260815-1373,UNIQUE
S5,MA-20260815-1374,UNIQUE
S5,MA-20260815-1375,UNIQUE
S5,MA-20260815-1376,UNIQUE
S5,MA-20260815-1377,UNIQUE
S5,MA-20260815-1378,UNIQUE
S5,MA-20260815-1379,UNIQUE
S5,MA-20260815-1380,UNIQUE
